{
  "run_id": "grape_20260329_184105",
  "image_path": "targets/grape.jpg",
  "fit_mode": "crop",
  "resolution": 96,
  "minutes": 5.0,
  "seed": 7,
  "polygons": 160,
  "iterations": 850,
  "accepted_polygons": 90,
  "final_metrics": {
    "rgb_mse": 0.03938145935535431,
    "rmse": 0.19844762370800592,
    "psnr_db": 14.047081942864173,
    "ssim": 0.2590167224407196,
    "lab_mse": 167.63778686523438
  },
  "stage_checkpoints": [
    {
      "stage": "A",
      "image_path": "outputs/stage_checkpoints/grape_20260329_184105/stage_a.png",
      "global_iteration": 277.0,
      "stage_iteration": 275.0,
      "stage_start_loss": 322.5644836425781,
      "stage_position_updates": 55.0,
      "polygon_count": 64.0,
      "rgb_mse": 0.09327898919582367,
      "resolution": 80.0,
      "elapsed_seconds": 113.52649860002566,
      "softness": 0.8,
      "rmse": 0.30541609190712865,
      "psnr_db": 10.30216168728442,
      "ssim": 0.0828322097659111,
      "lab_mse": 409.51910400390625
    },
    {
      "stage": "B",
      "image_path": "outputs/stage_checkpoints/grape_20260329_184105/stage_b.png",
      "global_iteration": 850.0,
      "stage_iteration": 616.0,
      "stage_start_loss": 403.3578796386719,
      "stage_position_updates": 9.0,
      "polygon_count": 90.0,
      "rgb_mse": 0.03938145935535431,
      "resolution": 80.0,
      "elapsed_seconds": 300.127032599994,
      "softness": 0.9540106951871659,
      "rmse": 0.19844762370800592,
      "psnr_db": 14.047081942864173,
      "ssim": 0.2590167224407196,
      "lab_mse": 167.63778686523438
    },
    {
      "stage": "final",
      "image_path": "outputs/stage_checkpoints/grape_20260329_184105/stage_final.png",
      "global_iteration": 850.0,
      "stage_iteration": 616.0,
      "stage_start_loss": 403.3578796386719,
      "stage_position_updates": 9.0,
      "polygon_count": 90.0,
      "rgb_mse": 0.03938145935535431,
      "resolution": 80.0,
      "elapsed_seconds": 300.14509150001686,
      "softness": 0.9540106951871659,
      "rmse": 0.19844762370800592,
      "psnr_db": 14.047081942864173,
      "ssim": 0.2590167224407196,
      "lab_mse": 167.63778686523438
    }
  ],
  "run_dir": "outputs/stage_checkpoints/grape_20260329_184105"
}