{
  "stage": "final",
  "image_path": "outputs/stage_checkpoints/grape_20260329_184105/stage_final.png",
  "global_iteration": 850.0,
  "stage_iteration": 616.0,
  "stage_start_loss": 403.3578796386719,
  "stage_position_updates": 9.0,
  "polygon_count": 90.0,
  "rgb_mse": 0.03938145935535431,
  "resolution": 80.0,
  "elapsed_seconds": 300.14509150001686,
  "softness": 0.9540106951871659,
  "rmse": 0.19844762370800592,
  "psnr_db": 14.047081942864173,
  "ssim": 0.2590167224407196,
  "lab_mse": 167.63778686523438
}