{
  "run_id": "grape_20260401_164124",
  "image_path": "targets/grape.jpg",
  "fit_mode": "crop",
  "resolution": 200,
  "minutes": 5.0,
  "seed": 42,
  "polygons": 1500,
  "iterations": 596,
  "accepted_polygons": 596,
  "final_metrics": {
    "rgb_mse": 0.013904748484492302,
    "rmse": 0.11791839756582644,
    "psnr_db": 18.568368624477912,
    "ssim": 0.5550870299339294,
    "lab_mse": 71.80175018310547
  },
  "stage_checkpoints": [
    {
      "stage": "foundation",
      "image_path": "outputs/stage_checkpoints/grape_20260401_164124/stage_foundation.png",
      "resolution": 100.0,
      "accepted_shapes": 20.0,
      "stage_loss": 0.04700147733092308,
      "softness": 0.75,
      "rgb_mse": 0.05040217190980911,
      "rmse": 0.22450428038193193,
      "psnr_db": 12.975507487107851,
      "ssim": 0.18794621527194977,
      "lab_mse": 226.10096740722656
    },
    {
      "stage": "structure",
      "image_path": "outputs/stage_checkpoints/grape_20260401_164124/stage_structure.png",
      "resolution": 150.0,
      "accepted_shapes": 291.0,
      "stage_loss": 0.017110273241996765,
      "softness": 0.32,
      "rgb_mse": 0.01815352775156498,
      "rmse": 0.1347350279309912,
      "psnr_db": 17.410389665416595,
      "ssim": 0.44846776127815247,
      "lab_mse": 88.97046661376953
    },
    {
      "stage": "detail",
      "image_path": "outputs/stage_checkpoints/grape_20260401_164124/stage_detail.png",
      "resolution": 200.0,
      "accepted_shapes": 596.0,
      "stage_loss": 0.013904748484492302,
      "softness": 0.055,
      "rgb_mse": 0.013904748484492302,
      "rmse": 0.11791839756582644,
      "psnr_db": 18.568368624477912,
      "ssim": 0.5550870299339294,
      "lab_mse": 71.80175018310547
    }
  ],
  "run_dir": "outputs/stage_checkpoints/grape_20260401_164124"
}