{
  "stage": "detail",
  "image_path": "outputs/stage_checkpoints/grape_20260401_164124/stage_detail.png",
  "resolution": 200.0,
  "accepted_shapes": 596.0,
  "stage_loss": 0.013904748484492302,
  "softness": 0.055,
  "rgb_mse": 0.013904748484492302,
  "rmse": 0.11791839756582644,
  "psnr_db": 18.568368624477912,
  "ssim": 0.5550870299339294,
  "lab_mse": 71.80175018310547
}