{
  "stage": "foundation",
  "image_path": "outputs/stage_checkpoints/grape_20260401_164124/stage_foundation.png",
  "resolution": 100.0,
  "accepted_shapes": 20.0,
  "stage_loss": 0.04700147733092308,
  "softness": 0.75,
  "rgb_mse": 0.05040217190980911,
  "rmse": 0.22450428038193193,
  "psnr_db": 12.975507487107851,
  "ssim": 0.18794621527194977,
  "lab_mse": 226.10096740722656
}