{
  "stage": "final",
  "image_path": "outputs/stage_checkpoints/phase7_input_20260329_182350/stage_final.png",
  "global_iteration": 16.0,
  "stage_iteration": 15.0,
  "stage_start_loss": 523.0455932617188,
  "stage_position_updates": 3.0,
  "polygon_count": 64.0,
  "rgb_mse": 0.004048822447657585,
  "resolution": 48.0,
  "elapsed_seconds": 6.875,
  "softness": 1.04,
  "rmse": 0.06363035790923689,
  "psnr_db": 23.926712678582305,
  "ssim": 0.8919960856437683,
  "lab_mse": 50.82686233520508
}