{
  "run_id": "phase7_input_20260331_062915",
  "image_path": "C:/Users/ahada/AppData/Local/Temp/pytest-of-ahada/pytest-35/test_phase7_cli_no_display_run0/phase7_input.png",
  "fit_mode": "crop",
  "resolution": 96,
  "minutes": 0.1,
  "seed": 9,
  "polygons": 180,
  "iterations": 10,
  "accepted_polygons": 24,
  "final_metrics": {
    "rgb_mse": 0.002762742806226015,
    "rmse": 0.05256179987620301,
    "psnr_db": 25.586595432542595,
    "ssim": 0.9084301590919495,
    "lab_mse": 24.906984329223633
  },
  "stage_checkpoints": [
    {
      "stage": "A",
      "image_path": "outputs/stage_checkpoints/phase7_input_20260331_062915/stage_a.png",
      "global_iteration": 10.0,
      "stage_iteration": 9.0,
      "stage_start_loss": 1762.0257568359375,
      "stage_position_updates": 9.0,
      "polygon_count": 24.0,
      "rgb_mse": 0.002762742806226015,
      "resolution": 50.0,
      "elapsed_seconds": 6.169881499954499,
      "softness": 0.24,
      "rmse": 0.05256179987620301,
      "psnr_db": 25.586595432542595,
      "ssim": 0.9084301590919495,
      "lab_mse": 24.906984329223633
    },
    {
      "stage": "final",
      "image_path": "outputs/stage_checkpoints/phase7_input_20260331_062915/stage_final.png",
      "global_iteration": 10.0,
      "stage_iteration": 9.0,
      "stage_start_loss": 1762.0257568359375,
      "stage_position_updates": 9.0,
      "polygon_count": 24.0,
      "rgb_mse": 0.002762742806226015,
      "resolution": 50.0,
      "elapsed_seconds": 6.180100900004618,
      "softness": 0.24,
      "rmse": 0.05256179987620301,
      "psnr_db": 25.586595432542595,
      "ssim": 0.9084301590919495,
      "lab_mse": 24.906984329223633
    }
  ],
  "run_dir": "outputs/stage_checkpoints/phase7_input_20260331_062915"
}