{
  "run_id": "internet_graphic_20260401_175013",
  "image_path": "C:/Users/ahada/Documents/abdulahad/evolutionary-art/python/targets/internet_graphic.jpg",
  "fit_mode": "crop",
  "resolution": 200,
  "minutes": 5.0,
  "seed": 42,
  "polygons": 1500,
  "iterations": 369,
  "accepted_polygons": 369,
  "final_metrics": {
    "rgb_mse": 0.002101376187056303,
    "rmse": 0.045840769922158846,
    "psnr_db": 26.77496193506417,
    "ssim": 0.7191656231880188,
    "lab_mse": 12.519306182861328,
    "gradient_mse": 0.0010792240500450134,
    "gradient_mae": 0.019823938608169556,
    "gradient_corr": 0.6234085700652617
  },
  "stage_checkpoints": [
    {
      "stage": "foundation",
      "image_path": "outputs/stage_checkpoints/internet_graphic_20260401_175013/stage_foundation.png",
      "resolution": 100.0,
      "accepted_shapes": 24.0,
      "stage_loss": 0.002961386926472187,
      "softness": 0.75,
      "rgb_mse": 0.00382322003133595,
      "rmse": 0.06183219251600213,
      "psnr_db": 24.175707070436868,
      "ssim": 0.5947858691215515,
      "lab_mse": 20.94809913635254,
      "gradient_mse": 0.0018563823541626334,
      "gradient_mae": 0.025177689269185066,
      "gradient_corr": 0.12086868072018468
    },
    {
      "stage": "structure",
      "image_path": "outputs/stage_checkpoints/internet_graphic_20260401_175013/stage_structure.png",
      "resolution": 150.0,
      "accepted_shapes": 165.0,
      "stage_loss": 0.0020448677241802216,
      "softness": 0.32,
      "rgb_mse": 0.0024141822941601276,
      "rmse": 0.04913432908018718,
      "psnr_db": 26.172299395581703,
      "ssim": 0.6740667223930359,
      "lab_mse": 14.349334716796875,
      "gradient_mse": 0.001440324354916811,
      "gradient_mae": 0.02186525985598564,
      "gradient_corr": 0.5014730802598673
    },
    {
      "stage": "detail",
      "image_path": "outputs/stage_checkpoints/internet_graphic_20260401_175013/stage_detail.png",
      "resolution": 200.0,
      "accepted_shapes": 369.0,
      "stage_loss": 0.002101376187056303,
      "softness": 0.055,
      "rgb_mse": 0.002101376187056303,
      "rmse": 0.045840769922158846,
      "psnr_db": 26.77496193506417,
      "ssim": 0.7191656231880188,
      "lab_mse": 12.519306182861328,
      "gradient_mse": 0.0010792240500450134,
      "gradient_mae": 0.019823938608169556,
      "gradient_corr": 0.6234085700652617
    }
  ],
  "run_dir": "outputs/stage_checkpoints/internet_graphic_20260401_175013"
}