{
  "stage": "structure",
  "image_path": "outputs/stage_checkpoints/internet_graphic_20260401_175013/stage_structure.png",
  "resolution": 150.0,
  "accepted_shapes": 165.0,
  "stage_loss": 0.0020448677241802216,
  "softness": 0.32,
  "rgb_mse": 0.0024141822941601276,
  "rmse": 0.04913432908018718,
  "psnr_db": 26.172299395581703,
  "ssim": 0.6740667223930359,
  "lab_mse": 14.349334716796875,
  "gradient_mse": 0.001440324354916811,
  "gradient_mae": 0.02186525985598564,
  "gradient_corr": 0.5014730802598673
}