{
  "stage": "detail",
  "image_path": "outputs/stage_checkpoints/internet_graphic_20260401_175013/stage_detail.png",
  "resolution": 200.0,
  "accepted_shapes": 369.0,
  "stage_loss": 0.002101376187056303,
  "softness": 0.055,
  "rgb_mse": 0.002101376187056303,
  "rmse": 0.045840769922158846,
  "psnr_db": 26.77496193506417,
  "ssim": 0.7191656231880188,
  "lab_mse": 12.519306182861328,
  "gradient_mse": 0.0010792240500450134,
  "gradient_mae": 0.019823938608169556,
  "gradient_corr": 0.6234085700652617
}