{
  "run_id": "face_20260331_084128",
  "image_path": "C:/Users/ahada/Documents/abdulahad/evolutionary-art/python/targets/face.png",
  "fit_mode": "crop",
  "resolution": 200,
  "minutes": 3.0,
  "seed": 1,
  "polygons": 104,
  "iterations": 10,
  "accepted_polygons": 10,
  "final_metrics": {
    "rgb_mse": 0.07273634523153305,
    "rmse": 0.26969676533383385,
    "psnr_db": 11.38248524640314,
    "ssim": 0.7414298057556152,
    "lab_mse": 274.26690673828125
  },
  "stage_checkpoints": [
    {
      "stage": "foundation",
      "image_path": "outputs/stage_checkpoints/face_20260331_084128/stage_foundation.png",
      "resolution": 50.0,
      "accepted_shapes": 10.0,
      "stage_loss": 0.05598839744925499,
      "softness": 0.55,
      "rgb_mse": 0.05825693905353546,
      "rmse": 0.2413647427722936,
      "psnr_db": 12.346523378868937,
      "ssim": 0.742379903793335,
      "lab_mse": 232.40744018554688
    }
  ],
  "run_dir": "outputs/stage_checkpoints/face_20260331_084128"
}