{
  "run_id": "internet_graphic_20260329_191640",
  "image_path": "C:/Users/ahada/Documents/abdulahad/evolutionary-art/python/targets/internet_graphic.jpg",
  "fit_mode": "crop",
  "resolution": 200,
  "minutes": 5.0,
  "seed": 42,
  "polygons": 500,
  "iterations": 850,
  "accepted_polygons": 90,
  "final_metrics": {
    "rgb_mse": 0.003960884641855955,
    "rmse": 0.06293555943865085,
    "psnr_db": 24.02207805950908,
    "ssim": 0.5813677906990051,
    "lab_mse": 20.573152542114258
  },
  "stage_checkpoints": [
    {
      "stage": "A",
      "image_path": "outputs/stage_checkpoints/internet_graphic_20260329_191640/stage_a.png",
      "global_iteration": 277.0,
      "stage_iteration": 275.0,
      "stage_start_loss": 149.48728942871094,
      "stage_position_updates": 55.0,
      "polygon_count": 64.0,
      "rgb_mse": 0.13238726556301117,
      "resolution": 100.0,
      "elapsed_seconds": 48.386662999982946,
      "softness": 0.8,
      "rmse": 0.36385060885342924,
      "psnr_db": 8.781537880209205,
      "ssim": 0.40109655261039734,
      "lab_mse": 431.28936767578125
    },
    {
      "stage": "B",
      "image_path": "outputs/stage_checkpoints/internet_graphic_20260329_191640/stage_b.png",
      "global_iteration": 850.0,
      "stage_iteration": 885.0,
      "stage_start_loss": 426.812744140625,
      "stage_position_updates": 12.0,
      "polygon_count": 90.0,
      "rgb_mse": 0.003960884641855955,
      "resolution": 100.0,
      "elapsed_seconds": 300.0210099000251,
      "softness": 0.6828877005347593,
      "rmse": 0.06293555943865085,
      "psnr_db": 24.02207805950908,
      "ssim": 0.5813677906990051,
      "lab_mse": 20.573152542114258
    },
    {
      "stage": "final",
      "image_path": "outputs/stage_checkpoints/internet_graphic_20260329_191640/stage_final.png",
      "global_iteration": 850.0,
      "stage_iteration": 885.0,
      "stage_start_loss": 426.812744140625,
      "stage_position_updates": 12.0,
      "polygon_count": 90.0,
      "rgb_mse": 0.003960884641855955,
      "resolution": 100.0,
      "elapsed_seconds": 300.04526379995514,
      "softness": 0.6828877005347593,
      "rmse": 0.06293555943865085,
      "psnr_db": 24.02207805950908,
      "ssim": 0.5813677906990051,
      "lab_mse": 20.573152542114258
    }
  ],
  "run_dir": "outputs/stage_checkpoints/internet_graphic_20260329_191640"
}