{
  "run_id": "face_20260330_210621",
  "image_path": "C:/Users/ahada/Documents/abdulahad/evolutionary-art/python/targets/face.png",
  "fit_mode": "crop",
  "resolution": 200,
  "minutes": 3.0,
  "seed": 1,
  "polygons": 104,
  "iterations": 12,
  "accepted_polygons": 24,
  "final_metrics": {
    "rgb_mse": 0.08387412875890732,
    "rmse": 0.2896103049943274,
    "psnr_db": 10.763719780261008,
    "ssim": 0.7503346800804138,
    "lab_mse": 329.88140869140625
  },
  "stage_checkpoints": [
    {
      "stage": "A",
      "image_path": "outputs/stage_checkpoints/face_20260330_210621/stage_a.png",
      "global_iteration": 11.0,
      "stage_iteration": 9.0,
      "stage_start_loss": 397.28570556640625,
      "stage_position_updates": 9.0,
      "polygon_count": 24.0,
      "rgb_mse": 0.08386076986789703,
      "resolution": 100.0,
      "elapsed_seconds": 13.955504399957135,
      "softness": 2.7381818181818183,
      "rmse": 0.289587240512936,
      "psnr_db": 10.764411549560046,
      "ssim": 0.7493316531181335,
      "lab_mse": 329.8752136230469
    },
    {
      "stage": "B",
      "image_path": "outputs/stage_checkpoints/face_20260330_210621/stage_b.png",
      "global_iteration": 12.0,
      "stage_iteration": 0.0,
      "stage_start_loss": 328.8183288574219,
      "stage_position_updates": 0.0,
      "polygon_count": 24.0,
      "rgb_mse": 0.08387412875890732,
      "resolution": 200.0,
      "elapsed_seconds": 14.17212100001052,
      "softness": 2.7381818181818183,
      "rmse": 0.2896103049943274,
      "psnr_db": 10.763719780261008,
      "ssim": 0.7503346800804138,
      "lab_mse": 329.88140869140625
    },
    {
      "stage": "C",
      "image_path": "outputs/stage_checkpoints/face_20260330_210621/stage_c.png",
      "global_iteration": 12.0,
      "stage_iteration": 0.0,
      "stage_start_loss": 329.88140869140625,
      "stage_position_updates": 0.0,
      "polygon_count": 24.0,
      "rgb_mse": 0.08387412875890732,
      "resolution": 200.0,
      "elapsed_seconds": 14.246281699975953,
      "softness": 2.7381818181818183,
      "rmse": 0.2896103049943274,
      "psnr_db": 10.763719780261008,
      "ssim": 0.7503346800804138,
      "lab_mse": 329.88140869140625
    },
    {
      "stage": "D",
      "image_path": "outputs/stage_checkpoints/face_20260330_210621/stage_d.png",
      "global_iteration": 12.0,
      "stage_iteration": 0.0,
      "stage_start_loss": 329.88140869140625,
      "stage_position_updates": 0.0,
      "polygon_count": 24.0,
      "rgb_mse": 0.08387412875890732,
      "resolution": 200.0,
      "elapsed_seconds": 14.312289600027725,
      "softness": 2.7381818181818183,
      "rmse": 0.2896103049943274,
      "psnr_db": 10.763719780261008,
      "ssim": 0.7503346800804138,
      "lab_mse": 329.88140869140625
    },
    {
      "stage": "final",
      "image_path": "outputs/stage_checkpoints/face_20260330_210621/stage_final.png",
      "global_iteration": 12.0,
      "stage_iteration": 0.0,
      "stage_start_loss": 329.88140869140625,
      "stage_position_updates": 0.0,
      "polygon_count": 24.0,
      "rgb_mse": 0.08387412875890732,
      "resolution": 200.0,
      "elapsed_seconds": 14.36062050005421,
      "softness": 2.7381818181818183,
      "rmse": 0.2896103049943274,
      "psnr_db": 10.763719780261008,
      "ssim": 0.7503346800804138,
      "lab_mse": 329.88140869140625
    }
  ],
  "run_dir": "outputs/stage_checkpoints/face_20260330_210621"
}