{
  "stage": "structure",
  "image_path": "outputs/stage_checkpoints/face_20260401_173448/stage_structure.png",
  "resolution": 150.0,
  "accepted_shapes": 201.0,
  "stage_loss": 0.0024294848553836346,
  "softness": 0.32,
  "rgb_mse": 0.002473667496815324,
  "rmse": 0.04973597789141502,
  "psnr_db": 26.066586773839752,
  "ssim": 0.871950626373291,
  "lab_mse": 12.269187927246094,
  "gradient_mse": 0.0006247884011827409,
  "gradient_mae": 0.00956080760806799,
  "gradient_corr": 0.9136413140552343
}