{
  "stage": "detail",
  "image_path": "outputs/stage_checkpoints/face_20260401_173448/stage_detail.png",
  "resolution": 200.0,
  "accepted_shapes": 362.0,
  "stage_loss": 0.003907470032572746,
  "softness": 0.055,
  "rgb_mse": 0.003907470032572746,
  "rmse": 0.06250975949859947,
  "psnr_db": 24.081043440159284,
  "ssim": 0.8420975208282471,
  "lab_mse": 19.201162338256836,
  "gradient_mse": 0.0004604955611284822,
  "gradient_mae": 0.00980790238827467,
  "gradient_corr": 0.9267402934831551
}