{
  "stage": "foundation",
  "image_path": "outputs/stage_checkpoints/face_20260401_173448/stage_foundation.png",
  "resolution": 100.0,
  "accepted_shapes": 11.0,
  "stage_loss": 0.03546557575464249,
  "softness": 0.75,
  "rgb_mse": 0.0357404462993145,
  "rmse": 0.18905143823656698,
  "psnr_db": 14.468400286597145,
  "ssim": 0.7149825096130371,
  "lab_mse": 154.2380828857422,
  "gradient_mse": 0.0027969994116574526,
  "gradient_mae": 0.016863344237208366,
  "gradient_corr": 0.24683700269648512
}