{
  "run_id": "refiner_input_20260331_084047",
  "image_path": "C:/Users/ahada/AppData/Local/Temp/pytest-of-ahada/pytest-39/test_cli_no_display_runs0/refiner_input.png",
  "fit_mode": "crop",
  "resolution": 96,
  "minutes": 0.05,
  "seed": 9,
  "polygons": 24,
  "iterations": 12,
  "accepted_polygons": 12,
  "final_metrics": {
    "rgb_mse": 0.029312659054994583,
    "rmse": 0.1712094011875358,
    "psnr_db": 15.329447833858204,
    "ssim": 0.7970598340034485,
    "lab_mse": 495.2159423828125
  },
  "stage_checkpoints": [
    {
      "stage": "foundation",
      "image_path": "outputs/stage_checkpoints/refiner_input_20260331_084047/stage_foundation.png",
      "resolution": 50.0,
      "accepted_shapes": 12.0,
      "stage_loss": 0.030508846044540405,
      "softness": 0.55,
      "rgb_mse": 0.030464617535471916,
      "rmse": 0.17454116286845323,
      "psnr_db": 15.162042698052833,
      "ssim": 0.7799720168113708,
      "lab_mse": 529.9285278320312
    }
  ],
  "run_dir": "outputs/stage_checkpoints/refiner_input_20260331_084047"
}