{
  "run_id": "internet_graphic_20260329_184648",
  "image_path": "targets/internet_graphic.jpg",
  "fit_mode": "crop",
  "resolution": 200,
  "minutes": 5.0,
  "seed": 11,
  "polygons": 170,
  "iterations": 659,
  "accepted_polygons": 76,
  "final_metrics": {
    "rgb_mse": 0.004256668034940958,
    "rmse": 0.06524314550158475,
    "psnr_db": 23.70930217855492,
    "ssim": 0.5780509114265442,
    "lab_mse": 21.8245792388916
  },
  "stage_checkpoints": [
    {
      "stage": "A",
      "image_path": "outputs/stage_checkpoints/internet_graphic_20260329_184648/stage_a.png",
      "global_iteration": 277.0,
      "stage_iteration": 275.0,
      "stage_start_loss": 149.48728942871094,
      "stage_position_updates": 55.0,
      "polygon_count": 64.0,
      "rgb_mse": 0.13238726556301117,
      "resolution": 100.0,
      "elapsed_seconds": 56.63109160005115,
      "softness": 0.8,
      "rmse": 0.36385060885342924,
      "psnr_db": 8.781537880209205,
      "ssim": 0.40109655261039734,
      "lab_mse": 431.28936767578125
    },
    {
      "stage": "B",
      "image_path": "outputs/stage_checkpoints/internet_graphic_20260329_184648/stage_b.png",
      "global_iteration": 659.0,
      "stage_iteration": 775.0,
      "stage_start_loss": 426.812744140625,
      "stage_position_updates": 12.0,
      "polygon_count": 76.0,
      "rgb_mse": 0.004256668034940958,
      "resolution": 100.0,
      "elapsed_seconds": 300.07265670003835,
      "softness": 1.0652406417112301,
      "rmse": 0.06524314550158475,
      "psnr_db": 23.70930217855492,
      "ssim": 0.5780509114265442,
      "lab_mse": 21.8245792388916
    },
    {
      "stage": "final",
      "image_path": "outputs/stage_checkpoints/internet_graphic_20260329_184648/stage_final.png",
      "global_iteration": 659.0,
      "stage_iteration": 775.0,
      "stage_start_loss": 426.812744140625,
      "stage_position_updates": 12.0,
      "polygon_count": 76.0,
      "rgb_mse": 0.004256668034940958,
      "resolution": 100.0,
      "elapsed_seconds": 300.1288207999896,
      "softness": 1.0652406417112301,
      "rmse": 0.06524314550158475,
      "psnr_db": 23.70930217855492,
      "ssim": 0.5780509114265442,
      "lab_mse": 21.8245792388916
    }
  ],
  "run_dir": "outputs/stage_checkpoints/internet_graphic_20260329_184648"
}