{
  "stage": "final",
  "image_path": "outputs/stage_checkpoints/internet_graphic_20260329_184648/stage_final.png",
  "global_iteration": 659.0,
  "stage_iteration": 775.0,
  "stage_start_loss": 426.812744140625,
  "stage_position_updates": 12.0,
  "polygon_count": 76.0,
  "rgb_mse": 0.004256668034940958,
  "resolution": 100.0,
  "elapsed_seconds": 300.1288207999896,
  "softness": 1.0652406417112301,
  "rmse": 0.06524314550158475,
  "psnr_db": 23.70930217855492,
  "ssim": 0.5780509114265442,
  "lab_mse": 21.8245792388916
}