{
  "target": "internet_portrait.jpg",
  "original_size": [
    800,
    1200
  ],
  "gif_path": "outputs/demo_viz/internet_portrait_live_demo.gif",
  "accepted_polygons": 69,
  "iterations": 69,
  "metrics": {
    "rgb_mse": 0.0447101928293705,
    "rmse": 0.21144784895895843,
    "psnr_db": 13.495934570711102,
    "ssim": 0.21896038949489594,
    "lab_mse": 198.2517852783203,
    "gradient_mse": 0.012923804111778736,
    "gradient_mae": 0.0697334036231041,
    "gradient_corr": 0.2087745136767864
  },
  "demo_metadata": {
    "output_path": "C:\\Users\\ahada\\Documents\\abdulahad\\evolutionary-art\\python\\outputs\\demo_viz\\internet_portrait_live_demo.gif",
    "frames_saved": 37,
    "update_events": 72,
    "accepted_polygons": 69,
    "iterations": 69,
    "initial_recorded_loss": 0.0915369987487793,
    "final_recorded_loss": 0.03219150751829147,
    "frame_stride": 2,
    "frame_duration_ms": 100
  }
}