{
  "targets": [
    {
      "target": "internet_graphic.jpg",
      "original_size": [
        1000,
        1000
      ],
      "gif_path": "outputs/demo_viz/internet_graphic_live_demo.gif",
      "accepted_polygons": 65,
      "iterations": 65,
      "metrics": {
        "rgb_mse": 0.0034736720845103264,
        "rmse": 0.05893786630435756,
        "psnr_db": 24.59211181458679,
        "ssim": 0.6140036582946777,
        "lab_mse": 19.06108283996582,
        "gradient_mse": 0.0017710308311507106,
        "gradient_mae": 0.02457251027226448,
        "gradient_corr": 0.275076895059542
      },
      "demo_metadata": {
        "output_path": "C:\\Users\\ahada\\Documents\\abdulahad\\evolutionary-art\\python\\outputs\\demo_viz\\internet_graphic_live_demo.gif",
        "frames_saved": 35,
        "update_events": 68,
        "accepted_polygons": 65,
        "iterations": 65,
        "initial_recorded_loss": 0.07181783765554428,
        "final_recorded_loss": 0.0025588152930140495,
        "frame_stride": 2,
        "frame_duration_ms": 100
      }
    },
    {
      "target": "internet_landscape.jpg",
      "original_size": [
        1200,
        800
      ],
      "gif_path": "outputs/demo_viz/internet_landscape_live_demo.gif",
      "accepted_polygons": 50,
      "iterations": 50,
      "metrics": {
        "rgb_mse": 0.00026591980713419616,
        "rmse": 0.01630704777494063,
        "psnr_db": 35.75249312880131,
        "ssim": 0.9666333198547363,
        "lab_mse": 1.8614733219146729,
        "gradient_mse": 2.2505668312078342e-05,
        "gradient_mae": 0.0026646670885384083,
        "gradient_corr": 0.7511219874680204
      },
      "demo_metadata": {
        "output_path": "C:\\Users\\ahada\\Documents\\abdulahad\\evolutionary-art\\python\\outputs\\demo_viz\\internet_landscape_live_demo.gif",
        "frames_saved": 28,
        "update_events": 53,
        "accepted_polygons": 50,
        "iterations": 50,
        "initial_recorded_loss": 0.04635705053806305,
        "final_recorded_loss": 9.316261275671422e-05,
        "frame_stride": 2,
        "frame_duration_ms": 100
      }
    },
    {
      "target": "internet_portrait.jpg",
      "original_size": [
        800,
        1200
      ],
      "gif_path": "outputs/demo_viz/internet_portrait_live_demo.gif",
      "accepted_polygons": 69,
      "iterations": 69,
      "metrics": {
        "rgb_mse": 0.0447101928293705,
        "rmse": 0.21144784895895843,
        "psnr_db": 13.495934570711102,
        "ssim": 0.21896038949489594,
        "lab_mse": 198.2517852783203,
        "gradient_mse": 0.012923804111778736,
        "gradient_mae": 0.0697334036231041,
        "gradient_corr": 0.2087745136767864
      },
      "demo_metadata": {
        "output_path": "C:\\Users\\ahada\\Documents\\abdulahad\\evolutionary-art\\python\\outputs\\demo_viz\\internet_portrait_live_demo.gif",
        "frames_saved": 37,
        "update_events": 72,
        "accepted_polygons": 69,
        "iterations": 69,
        "initial_recorded_loss": 0.0915369987487793,
        "final_recorded_loss": 0.03219150751829147,
        "frame_stride": 2,
        "frame_duration_ms": 100
      }
    }
  ],
  "sequence_gif": "outputs/demo_viz/internet_sequence_live_demo.gif"
}