{
  "run_id": "grape_20260331_090441",
  "image_path": "targets/grape.jpg",
  "fit_mode": "crop",
  "resolution": 200,
  "minutes": 5.0,
  "seed": 42,
  "polygons": 500,
  "iterations": 385,
  "accepted_polygons": 385,
  "final_metrics": {
    "rgb_mse": 0.0319831445813179,
    "rmse": 0.17883831966700509,
    "psnr_db": 14.950788386768528,
    "ssim": 0.3116416931152344,
    "lab_mse": 139.64453125
  },
  "stage_checkpoints": [
    {
      "stage": "foundation",
      "image_path": "outputs/stage_checkpoints/grape_20260331_090441/stage_foundation.png",
      "resolution": 50.0,
      "accepted_shapes": 86.0,
      "stage_loss": 0.020076267421245575,
      "softness": 0.55,
      "rgb_mse": 0.030614932999014854,
      "rmse": 0.17497123477593354,
      "psnr_db": 15.140666866835797,
      "ssim": 0.28016898036003113,
      "lab_mse": 133.7844696044922
    },
    {
      "stage": "structure",
      "image_path": "outputs/stage_checkpoints/grape_20260331_090441/stage_structure.png",
      "resolution": 100.0,
      "accepted_shapes": 285.0,
      "stage_loss": 0.01342037133872509,
      "softness": 0.18,
      "rgb_mse": 0.016830909997224808,
      "rmse": 0.12973399707565017,
      "psnr_db": 17.738924023789437,
      "ssim": 0.4691793918609619,
      "lab_mse": 78.59323120117188
    },
    {
      "stage": "detail",
      "image_path": "outputs/stage_checkpoints/grape_20260331_090441/stage_detail.png",
      "resolution": 200.0,
      "accepted_shapes": 335.0,
      "stage_loss": 0.031276486814022064,
      "softness": 0.035,
      "rgb_mse": 0.031276486814022064,
      "rmse": 0.1768515954522946,
      "psnr_db": 15.047820357583719,
      "ssim": 0.32630661129951477,
      "lab_mse": 136.36325073242188
    },
    {
      "stage": "polish",
      "image_path": "outputs/stage_checkpoints/grape_20260331_090441/stage_polish.png",
      "resolution": 200.0,
      "accepted_shapes": 385.0,
      "stage_loss": 0.0319831445813179,
      "softness": 0.028,
      "rgb_mse": 0.0319831445813179,
      "rmse": 0.17883831966700509,
      "psnr_db": 14.950788386768528,
      "ssim": 0.3116416931152344,
      "lab_mse": 139.64453125
    }
  ],
  "run_dir": "outputs/stage_checkpoints/grape_20260331_090441"
}