{
  "run_id": "internet_portrait_20260401_180027",
  "image_path": "C:/Users/ahada/Documents/abdulahad/evolutionary-art/python/targets/internet_portrait.jpg",
  "fit_mode": "crop",
  "resolution": 200,
  "minutes": 5.0,
  "seed": 42,
  "polygons": 1500,
  "iterations": 400,
  "accepted_polygons": 400,
  "final_metrics": {
    "rgb_mse": 0.021520525217056274,
    "rmse": 0.1466987566990814,
    "psnr_db": 16.671471337451514,
    "ssim": 0.43419507145881653,
    "lab_mse": 103.32633209228516,
    "gradient_mse": 0.008724807761609554,
    "gradient_mae": 0.05854767933487892,
    "gradient_corr": 0.5281727537058918
  },
  "stage_checkpoints": [
    {
      "stage": "foundation",
      "image_path": "outputs/stage_checkpoints/internet_portrait_20260401_180027/stage_foundation.png",
      "resolution": 100.0,
      "accepted_shapes": 20.0,
      "stage_loss": 0.04700147733092308,
      "softness": 0.75,
      "rgb_mse": 0.05040217190980911,
      "rmse": 0.22450428038193193,
      "psnr_db": 12.975507487107851,
      "ssim": 0.18794621527194977,
      "lab_mse": 226.10096740722656,
      "gradient_mse": 0.01341902744024992,
      "gradient_mae": 0.07114993035793304,
      "gradient_corr": 0.11586001211615436
    },
    {
      "stage": "structure",
      "image_path": "outputs/stage_checkpoints/internet_portrait_20260401_180027/stage_structure.png",
      "resolution": 150.0,
      "accepted_shapes": 291.0,
      "stage_loss": 0.017110273241996765,
      "softness": 0.32,
      "rgb_mse": 0.01815352775156498,
      "rmse": 0.1347350279309912,
      "psnr_db": 17.410389665416595,
      "ssim": 0.44846776127815247,
      "lab_mse": 88.97046661376953,
      "gradient_mse": 0.008630020543932915,
      "gradient_mae": 0.057279352098703384,
      "gradient_corr": 0.5207219344079939
    },
    {
      "stage": "detail",
      "image_path": "outputs/stage_checkpoints/internet_portrait_20260401_180027/stage_detail.png",
      "resolution": 200.0,
      "accepted_shapes": 400.0,
      "stage_loss": 0.021520525217056274,
      "softness": 0.055,
      "rgb_mse": 0.021520525217056274,
      "rmse": 0.1466987566990814,
      "psnr_db": 16.671471337451514,
      "ssim": 0.43419507145881653,
      "lab_mse": 103.32633209228516,
      "gradient_mse": 0.008724807761609554,
      "gradient_mae": 0.05854767933487892,
      "gradient_corr": 0.5281727537058918
    }
  ],
  "run_dir": "outputs/stage_checkpoints/internet_portrait_20260401_180027"
}