{
  "stage": "foundation",
  "image_path": "outputs/stage_checkpoints/grape_20260331_084227/stage_foundation.png",
  "resolution": 50.0,
  "accepted_shapes": 50.0,
  "stage_loss": 0.04348916932940483,
  "softness": 0.55,
  "rgb_mse": 0.053957749158144,
  "rmse": 0.23228807364594506,
  "psnr_db": 12.679461751711148,
  "ssim": 0.18047742545604706,
  "lab_mse": 237.4514617919922
}