{
  "stage": "foundation",
  "image_path": "outputs/stage_checkpoints/refiner_input_20260331_092709/stage_foundation.png",
  "resolution": 50.0,
  "accepted_shapes": 12.0,
  "stage_loss": 0.0067546735517680645,
  "softness": 0.75,
  "rgb_mse": 0.00672196364030242,
  "rmse": 0.08198758223232601,
  "psnr_db": 21.725038409975635,
  "ssim": 0.8950454592704773,
  "lab_mse": 94.05201721191406
}