polygon_count,perceptual_mse
10,674.40301514
20,490.41006470
50,158.74114990
