{
  "run_id": "grape_20260331_081907",
  "image_path": "targets/grape.jpg",
  "fit_mode": "crop",
  "resolution": 200,
  "minutes": 5.0,
  "seed": 42,
  "polygons": 300,
  "iterations": 292,
  "accepted_polygons": 292,
  "final_metrics": {
    "rgb_mse": 0.019477479159832,
    "rmse": 0.13956173959875967,
    "psnr_db": 17.104672516574624,
    "ssim": 0.4858661890029907,
    "lab_mse": 107.9482192993164
  },
  "stage_checkpoints": [
    {
      "stage": "foundation",
      "image_path": "outputs/stage_checkpoints/grape_20260331_081907/stage_foundation.png",
      "resolution": 50.0,
      "accepted_shapes": 42.0,
      "stage_loss": 0.03930281475186348,
      "softness": 0.75,
      "rgb_mse": 0.04977177828550339,
      "rmse": 0.22309589481992578,
      "psnr_db": 13.030168421616521,
      "ssim": 0.1843188852071762,
      "lab_mse": 215.93699645996094
    },
    {
      "stage": "structure",
      "image_path": "outputs/stage_checkpoints/grape_20260331_081907/stage_structure.png",
      "resolution": 100.0,
      "accepted_shapes": 142.0,
      "stage_loss": 0.0225987508893013,
      "softness": 0.32,
      "rgb_mse": 0.025995584204792976,
      "rmse": 0.16123146158486865,
      "psnr_db": 15.851004181201132,
      "ssim": 0.3468452990055084,
      "lab_mse": 130.2344207763672
    },
    {
      "stage": "detail",
      "image_path": "outputs/stage_checkpoints/grape_20260331_081907/stage_detail.png",
      "resolution": 200.0,
      "accepted_shapes": 292.0,
      "stage_loss": 0.019477479159832,
      "softness": 0.055,
      "rgb_mse": 0.019477479159832,
      "rmse": 0.13956173959875967,
      "psnr_db": 17.104672516574624,
      "ssim": 0.4858661890029907,
      "lab_mse": 107.9482192993164
    }
  ],
  "run_dir": "outputs/stage_checkpoints/grape_20260331_081907"
}