{
  "stage": "foundation",
  "image_path": "outputs/stage_checkpoints/grape_20260331_081907/stage_foundation.png",
  "resolution": 50.0,
  "accepted_shapes": 42.0,
  "stage_loss": 0.03930281475186348,
  "softness": 0.75,
  "rgb_mse": 0.04977177828550339,
  "rmse": 0.22309589481992578,
  "psnr_db": 13.030168421616521,
  "ssim": 0.1843188852071762,
  "lab_mse": 215.93699645996094
}