{
  "run_id": "phase7_input_20260330_210608",
  "image_path": "C:/Users/ahada/AppData/Local/Temp/pytest-of-ahada/pytest-34/test_phase7_cli_no_display_run0/phase7_input.png",
  "fit_mode": "crop",
  "resolution": 96,
  "minutes": 0.1,
  "seed": 9,
  "polygons": 180,
  "iterations": 6,
  "accepted_polygons": 24,
  "final_metrics": {
    "rgb_mse": 0.012994911521673203,
    "rmse": 0.11399522587228468,
    "psnr_db": 18.862266731294874,
    "ssim": 0.8905813097953796,
    "lab_mse": 286.6907958984375
  },
  "stage_checkpoints": [
    {
      "stage": "A",
      "image_path": "outputs/stage_checkpoints/phase7_input_20260330_210608/stage_a.png",
      "global_iteration": 6.0,
      "stage_iteration": 5.0,
      "stage_start_loss": 1759.3131103515625,
      "stage_position_updates": 5.0,
      "polygon_count": 24.0,
      "rgb_mse": 0.012994911521673203,
      "resolution": 48.0,
      "elapsed_seconds": 6.304701999993995,
      "softness": 1.5599999999999998,
      "rmse": 0.11399522587228468,
      "psnr_db": 18.862266731294874,
      "ssim": 0.8905813097953796,
      "lab_mse": 286.6907958984375
    },
    {
      "stage": "final",
      "image_path": "outputs/stage_checkpoints/phase7_input_20260330_210608/stage_final.png",
      "global_iteration": 6.0,
      "stage_iteration": 5.0,
      "stage_start_loss": 1759.3131103515625,
      "stage_position_updates": 5.0,
      "polygon_count": 24.0,
      "rgb_mse": 0.012994911521673203,
      "resolution": 48.0,
      "elapsed_seconds": 6.324688500026241,
      "softness": 1.5599999999999998,
      "rmse": 0.11399522587228468,
      "psnr_db": 18.862266731294874,
      "ssim": 0.8905813097953796,
      "lab_mse": 286.6907958984375
    }
  ],
  "run_dir": "outputs/stage_checkpoints/phase7_input_20260330_210608"
}