{
  "run_id": "face_20260331_092700",
  "image_path": "C:/Users/ahada/Documents/abdulahad/evolutionary-art/python/targets/face.png",
  "fit_mode": "crop",
  "resolution": 200,
  "minutes": 3.0,
  "seed": 1,
  "polygons": 104,
  "iterations": 10,
  "accepted_polygons": 10,
  "final_metrics": {
    "rgb_mse": 0.05519532412290573,
    "rmse": 0.2349368513513913,
    "psnr_db": 12.580977120105379,
    "ssim": 0.7401919364929199,
    "lab_mse": 224.06103515625
  },
  "stage_checkpoints": [
    {
      "stage": "foundation",
      "image_path": "outputs/stage_checkpoints/face_20260331_092700/stage_foundation.png",
      "resolution": 50.0,
      "accepted_shapes": 10.0,
      "stage_loss": 0.04784573242068291,
      "softness": 0.75,
      "rgb_mse": 0.05009836331009865,
      "rmse": 0.22382663673052555,
      "psnr_db": 13.001764620968952,
      "ssim": 0.7380625605583191,
      "lab_mse": 210.63568115234375
    }
  ],
  "run_dir": "outputs/stage_checkpoints/face_20260331_092700"
}