{
  "run_id": "grape_20260401_173957",
  "image_path": "C:/Users/ahada/Documents/abdulahad/evolutionary-art/python/targets/grape.jpg",
  "fit_mode": "crop",
  "resolution": 200,
  "minutes": 5.0,
  "seed": 42,
  "polygons": 1500,
  "iterations": 406,
  "accepted_polygons": 406,
  "final_metrics": {
    "rgb_mse": 0.021226780489087105,
    "rmse": 0.14569413333791825,
    "psnr_db": 16.731158712062914,
    "ssim": 0.43940410017967224,
    "lab_mse": 102.2603530883789,
    "gradient_mse": 0.008581225760281086,
    "gradient_mae": 0.05815552920103073,
    "gradient_corr": 0.5390442772993541
  },
  "stage_checkpoints": [
    {
      "stage": "foundation",
      "image_path": "outputs/stage_checkpoints/grape_20260401_173957/stage_foundation.png",
      "resolution": 100.0,
      "accepted_shapes": 20.0,
      "stage_loss": 0.04700147733092308,
      "softness": 0.75,
      "rgb_mse": 0.05040217190980911,
      "rmse": 0.22450428038193193,
      "psnr_db": 12.975507487107851,
      "ssim": 0.18794621527194977,
      "lab_mse": 226.10096740722656,
      "gradient_mse": 0.01341902744024992,
      "gradient_mae": 0.07114993035793304,
      "gradient_corr": 0.11586001211615436
    },
    {
      "stage": "structure",
      "image_path": "outputs/stage_checkpoints/grape_20260401_173957/stage_structure.png",
      "resolution": 150.0,
      "accepted_shapes": 291.0,
      "stage_loss": 0.017110273241996765,
      "softness": 0.32,
      "rgb_mse": 0.01815352775156498,
      "rmse": 0.1347350279309912,
      "psnr_db": 17.410389665416595,
      "ssim": 0.44846776127815247,
      "lab_mse": 88.97046661376953,
      "gradient_mse": 0.008630020543932915,
      "gradient_mae": 0.057279352098703384,
      "gradient_corr": 0.5207219344079939
    },
    {
      "stage": "detail",
      "image_path": "outputs/stage_checkpoints/grape_20260401_173957/stage_detail.png",
      "resolution": 200.0,
      "accepted_shapes": 406.0,
      "stage_loss": 0.021226780489087105,
      "softness": 0.055,
      "rgb_mse": 0.021226780489087105,
      "rmse": 0.14569413333791825,
      "psnr_db": 16.731158712062914,
      "ssim": 0.43940410017967224,
      "lab_mse": 102.2603530883789,
      "gradient_mse": 0.008581225760281086,
      "gradient_mae": 0.05815552920103073,
      "gradient_corr": 0.5390442772993541
    }
  ],
  "run_dir": "outputs/stage_checkpoints/grape_20260401_173957"
}