{
  "stage": "detail",
  "image_path": "outputs/stage_checkpoints/grape_20260401_173957/stage_detail.png",
  "resolution": 200.0,
  "accepted_shapes": 406.0,
  "stage_loss": 0.021226780489087105,
  "softness": 0.055,
  "rgb_mse": 0.021226780489087105,
  "rmse": 0.14569413333791825,
  "psnr_db": 16.731158712062914,
  "ssim": 0.43940410017967224,
  "lab_mse": 102.2603530883789,
  "gradient_mse": 0.008581225760281086,
  "gradient_mae": 0.05815552920103073,
  "gradient_corr": 0.5390442772993541
}