{
  "run_id": "logo_20260401_180536",
  "image_path": "C:/Users/ahada/Documents/abdulahad/evolutionary-art/python/targets/logo.png",
  "fit_mode": "crop",
  "resolution": 200,
  "minutes": 5.0,
  "seed": 42,
  "polygons": 1500,
  "iterations": 339,
  "accepted_polygons": 339,
  "final_metrics": {
    "rgb_mse": 0.0019386782078072429,
    "rmse": 0.0440304236614553,
    "psnr_db": 27.124942714635498,
    "ssim": 0.9441474080085754,
    "lab_mse": 5.569024085998535,
    "gradient_mse": 0.000229425189900212,
    "gradient_mae": 0.0051862928085029125,
    "gradient_corr": 0.9733232728361458
  },
  "stage_checkpoints": [
    {
      "stage": "foundation",
      "image_path": "outputs/stage_checkpoints/logo_20260401_180536/stage_foundation.png",
      "resolution": 100.0,
      "accepted_shapes": 1.0,
      "stage_loss": 0.03453221172094345,
      "softness": 0.75,
      "rgb_mse": 0.03485129028558731,
      "rmse": 0.18668500284057987,
      "psnr_db": 14.57781138554854,
      "ssim": 0.8405030369758606,
      "lab_mse": 116.28189849853516,
      "gradient_mse": 0.0033919631969183683,
      "gradient_mae": 0.012998710386455059,
      "gradient_corr": 0.3181502184046832
    },
    {
      "stage": "structure",
      "image_path": "outputs/stage_checkpoints/logo_20260401_180536/stage_structure.png",
      "resolution": 150.0,
      "accepted_shapes": 155.0,
      "stage_loss": 0.0029145539738237858,
      "softness": 0.32,
      "rgb_mse": 0.0029885515104979277,
      "rmse": 0.05466764592058019,
      "psnr_db": 25.24539254291662,
      "ssim": 0.9354107975959778,
      "lab_mse": 8.896208763122559,
      "gradient_mse": 0.0005920086987316608,
      "gradient_mae": 0.00694145867601037,
      "gradient_corr": 0.9363544218113092
    },
    {
      "stage": "detail",
      "image_path": "outputs/stage_checkpoints/logo_20260401_180536/stage_detail.png",
      "resolution": 200.0,
      "accepted_shapes": 339.0,
      "stage_loss": 0.0019386782078072429,
      "softness": 0.055,
      "rgb_mse": 0.0019386782078072429,
      "rmse": 0.0440304236614553,
      "psnr_db": 27.124942714635498,
      "ssim": 0.9441474080085754,
      "lab_mse": 5.569024085998535,
      "gradient_mse": 0.000229425189900212,
      "gradient_mae": 0.0051862928085029125,
      "gradient_corr": 0.9733232728361458
    }
  ],
  "run_dir": "outputs/stage_checkpoints/logo_20260401_180536"
}