{
  "stage": "structure",
  "image_path": "outputs/stage_checkpoints/logo_20260401_180536/stage_structure.png",
  "resolution": 150.0,
  "accepted_shapes": 155.0,
  "stage_loss": 0.0029145539738237858,
  "softness": 0.32,
  "rgb_mse": 0.0029885515104979277,
  "rmse": 0.05466764592058019,
  "psnr_db": 25.24539254291662,
  "ssim": 0.9354107975959778,
  "lab_mse": 8.896208763122559,
  "gradient_mse": 0.0005920086987316608,
  "gradient_mae": 0.00694145867601037,
  "gradient_corr": 0.9363544218113092
}