{
  "stage": "detail",
  "image_path": "outputs/stage_checkpoints/logo_20260401_180536/stage_detail.png",
  "resolution": 200.0,
  "accepted_shapes": 339.0,
  "stage_loss": 0.0019386782078072429,
  "softness": 0.055,
  "rgb_mse": 0.0019386782078072429,
  "rmse": 0.0440304236614553,
  "psnr_db": 27.124942714635498,
  "ssim": 0.9441474080085754,
  "lab_mse": 5.569024085998535,
  "gradient_mse": 0.000229425189900212,
  "gradient_mae": 0.0051862928085029125,
  "gradient_corr": 0.9733232728361458
}