{
  "stage": "foundation",
  "image_path": "outputs/stage_checkpoints/grape_20260331_092728/stage_foundation.png",
  "resolution": 50.0,
  "accepted_shapes": 45.0,
  "stage_loss": 0.038669876754283905,
  "softness": 0.75,
  "rgb_mse": 0.04914352297782898,
  "rmse": 0.22168338453260086,
  "psnr_db": 13.085337132407899,
  "ssim": 0.18451762199401855,
  "lab_mse": 209.53456115722656
}