{
  "stage": "structure",
  "image_path": "outputs/stage_checkpoints/grape_20260331_092728/stage_structure.png",
  "resolution": 100.0,
  "accepted_shapes": 145.0,
  "stage_loss": 0.024484900757670403,
  "softness": 0.32,
  "rgb_mse": 0.027886582538485527,
  "rmse": 0.16699276193441898,
  "psnr_db": 15.546047046517169,
  "ssim": 0.31987395882606506,
  "lab_mse": 134.9429473876953
}