{
  "stage": "foundation",
  "image_path": "outputs/stage_checkpoints/heart_20260401_174506/stage_foundation.png",
  "resolution": 100.0,
  "accepted_shapes": 14.0,
  "stage_loss": 0.023133961483836174,
  "softness": 0.75,
  "rgb_mse": 0.023340342566370964,
  "rmse": 0.15277546454313587,
  "psnr_db": 16.318927741007254,
  "ssim": 0.800792396068573,
  "lab_mse": 150.68258666992188,
  "gradient_mse": 0.0016809498192742467,
  "gradient_mae": 0.011740010231733322,
  "gradient_corr": 0.30838397230233383
}