{
  "stage": "structure",
  "image_path": "outputs/stage_checkpoints/heart_20260401_174506/stage_structure.png",
  "resolution": 150.0,
  "accepted_shapes": 234.0,
  "stage_loss": 0.0010134950280189514,
  "softness": 0.32,
  "rgb_mse": 0.0010456532472744584,
  "rmse": 0.032336562081867304,
  "psnr_db": 29.806123095049102,
  "ssim": 0.9491376876831055,
  "lab_mse": 6.265252113342285,
  "gradient_mse": 0.00021897382976021618,
  "gradient_mae": 0.005166769027709961,
  "gradient_corr": 0.9552074575966697
}